channelTitle,title,publishedAt,viewCount,likeCount,commentCount,pushblishDayName,durationSecs,Month,Year,durationMins,durationHours
Erk Acarer,Bu İşin Şakası Yok / Kadınların Son Seçimi Olabilir!,2023-03-26 20:07:26+00:00,34138,3850,188,Sunday,1963.0,Mar,2023,32.72,0.55
Erk Acarer,14 Mayıs'ta ne olacak biliyor musunuz?,2023-03-25 19:04:14+00:00,81092,4789,300,Saturday,266.0,Mar,2023,4.43,0.07
Erk Acarer,"Türkiye, Bu Çukura Düşer mi? Turhan ÇÖMEZ Cevaplıyor",2023-03-24 20:56:23+00:00,38958,3075,194,Friday,4174.0,Mar,2023,69.57,1.16
Erk Acarer,Sarayın gizli ortakları,2023-03-20 17:39:37+00:00,20496,2138,60,Monday,267.0,Mar,2023,4.45,0.07
Erk Acarer,Fedaisi de Sattı! Kaç Hasan Kaç,2023-03-19 19:32:46+00:00,152311,9581,415,Sunday,1678.0,Mar,2023,27.97,0.47
Erk Acarer,"""BABA DİYE SESLENMESEYDİ; ÖLDÜRÜLMEYECEKTİ!",2023-03-18 20:06:47+00:00,59080,2045,156,Saturday,502.0,Mar,2023,8.37,0.14
Erk Acarer,Bu Rahatlık Korkutuyor! / Özel Yayın,2023-03-16 21:35:05+00:00,161097,5899,496,Thursday,4979.0,Mar,2023,82.98,1.38
Erk Acarer,"Bu bilgiler kesindir! Yol bitti! Kimi Uçakla, Kimi Yatla Kaçacak!",2023-03-13 19:00:09+00:00,266826,10311,1094,Monday,517.0,Mar,2023,8.62,0.14
Erk Acarer,Kızılay’ı esir alan aile,2023-03-13 08:35:32+00:00,11692,1232,71,Monday,221.0,Mar,2023,3.68,0.06
Erk Acarer,"Domuzbağı, Gladio, Mafya, Cemaat! / Cumhur'un Hayali ve Fidan'ın Uzun Geceleri",2023-03-12 20:15:52+00:00,58747,6257,279,Sunday,2114.0,Mar,2023,35.23,0.59
Erk Acarer,Peker'le Konuştum! Paylaşım Yapacak mı?,2023-03-09 20:44:42+00:00,200980,9409,726,Thursday,3566.0,Mar,2023,59.43,0.99
Erk Acarer,İktidar Ortağı Uyuşturucu Çeteleri de Korku İçinde!,2023-03-08 18:00:04+00:00,26752,1850,71,Wednesday,337.0,Mar,2023,5.62,0.09
Erk Acarer,Siyaset Molası Bitti! Nerede Kalmıştık?,2023-03-07 21:00:21+00:00,27626,2406,76,Tuesday,2950.0,Mar,2023,49.17,0.82
Erk Acarer,Büyük Hengamenin Kaybedenler Kulübü,2023-03-06 20:02:04+00:00,71100,6521,353,Monday,1670.0,Mar,2023,27.83,0.46
Erk Acarer,"Zamanlaması Manidar! Meğer Erdoğan'ın Rahatlığı, Akşener'in Rahatsızlığıymış",2023-03-03 20:13:48+00:00,70018,5560,612,Friday,1783.0,Mar,2023,29.72,0.5
Erk Acarer,Kulüpleri Kimler Yönetiyor? İhale Şampiyonu Başkan!,2023-03-01 20:16:48+00:00,35391,2229,174,Wednesday,1054.0,Mar,2023,17.57,0.29
Erk Acarer,KAOS PLANLARI TERS TEPİYOR!,2023-02-28 20:16:40+00:00,21416,2100,83,Tuesday,137.0,Feb,2023,2.28,0.04
Erk Acarer,"Kızılay Yok, Binali Çetesi Var!",2023-02-26 19:54:59+00:00,123146,9067,695,Sunday,1310.0,Feb,2023,21.83,0.36
Erk Acarer,Yeni Belgelerle Açıklıyorum: Katilin Bütün Ortakları! Şimdi Sırada Kim Var?,2023-02-25 21:12:28+00:00,56197,5085,250,Saturday,3812.0,Feb,2023,63.53,1.06
Erk Acarer,Türkiye’nin en büyük mezarlığı!,2023-02-24 19:32:14+00:00,18269,1978,107,Friday,298.0,Feb,2023,4.97,0.08
Erk Acarer,Bir Cinayetin Anatomisi!,2023-02-23 20:45:04+00:00,48388,4264,175,Thursday,2183.0,Feb,2023,36.38,0.61
Erk Acarer,"Depremin Kayıp Çocukları, IŞİD'den Mimli İHH'nın mı Elinde?",2023-02-22 15:48:00+00:00,17815,1491,98,Wednesday,1129.0,Feb,2023,18.82,0.31
Erk Acarer,Neler Dönüyor Bir Bilseniz! Aceleniz Hurda Satmak mı Delil Karartmak mı?,2023-02-19 20:03:54+00:00,112708,7141,316,Sunday,1609.0,Feb,2023,26.82,0.45
Erk Acarer,İstifa Cumhur İttifakına yakışmaz!,2023-02-18 17:53:54+00:00,33340,2593,144,Saturday,223.0,Feb,2023,3.72,0.06
Erk Acarer,Sadece AKP'li Vekile İş Makinası Vermek de mi Kader Planı?,2023-02-17 21:21:08+00:00,42693,2790,83,Friday,4135.0,Feb,2023,68.92,1.15
Erk Acarer,5'i Bir Yerde: Asrın Hırsızları Çaldıkları İle Bağış Yaptılar,2023-02-16 20:39:53+00:00,31239,3636,200,Thursday,1953.0,Feb,2023,32.55,0.54
Erk Acarer,Ne ararsan var! Bu neyin hazırlığı? İşte AKP'nin Kaos Planı,2023-02-16 08:51:58+00:00,92944,4890,296,Thursday,582.0,Feb,2023,9.7,0.16
Erk Acarer,İŞTE SARAYIN AFET PLANI: KOD: AKBABA / O Planı da Bozacağız,2023-02-12 20:52:23+00:00,95825,8754,495,Sunday,2157.0,Feb,2023,35.95,0.6
Erk Acarer,Bilmediğiniz çok şey var! Az Kaldı!,2023-02-11 10:19:41+00:00,71006,5152,325,Saturday,246.0,Feb,2023,4.1,0.07
Erk Acarer,Bu Görüntüyü Elon Musk Bile Silemez! Sarayda O İki Plan Konuşuldu,2023-02-09 21:44:48+00:00,105272,5534,350,Thursday,5251.0,Feb,2023,87.52,1.46
Erk Acarer,Erdoğan'a Kötü Haber!,2023-02-06 18:43:04+00:00,38798,2788,80,Monday,225.0,Feb,2023,3.75,0.06
Erk Acarer,MHP'liler de Aynı Şeyi Soruyor: Kim Bu Tony Salvatore?,2023-02-05 20:24:12+00:00,41941,3563,130,Sunday,1251.0,Feb,2023,20.85,0.35
Erk Acarer,Bu İşler AKP'nin de MHP'nin de Boyunu Aşmaya Başladı!,2023-02-02 20:37:01+00:00,86391,5263,160,Thursday,1856.0,Feb,2023,30.93,0.52
Erk Acarer,Hem Sinan Ateş Hem Sedat Peker,2023-01-29 10:27:21+00:00,27273,1619,58,Sunday,234.0,Jan,2023,3.9,0.06
Erk Acarer,"Kurtlar Vadisi Türkiye, Seçime Gün Sayıyor!",2023-01-28 22:15:05+00:00,40046,2506,70,Saturday,5281.0,Jan,2023,88.02,1.47
Erk Acarer,Devlet İçi Kavga Çok Büyük!,2023-01-26 20:37:24+00:00,78477,5982,234,Thursday,1975.0,Jan,2023,32.92,0.55
Erk Acarer,ÖZEL YAYIN: YİNE ŞOK İDDİALAR VAR! ACEMİLER VİZYONDA!,2023-01-25 17:20:18+00:00,78609,5451,165,Wednesday,2455.0,Jan,2023,40.92,0.68
Erk Acarer,"YSK SAYMAYACAK, SEÇİM DE OLMASIN!",2023-01-23 20:04:59+00:00,46007,3719,344,Monday,2285.0,Jan,2023,38.08,0.63
Erk Acarer,"Uyarıyorum, bir dahaki sefer olmayacak!",2023-01-21 17:16:39+00:00,23575,1672,109,Saturday,264.0,Jan,2023,4.4,0.07
Erk Acarer,ANKARA'DAN HABER GELECEK. BULURSAN ÖLDÜRME!,2023-01-20 19:45:10+00:00,47575,3841,98,Friday,2315.0,Jan,2023,38.58,0.64
Erk Acarer,Bunun Bir Adım Ötesi IŞİD Reklamı Yapmaktır!,2023-01-18 20:10:20+00:00,12761,1100,50,Wednesday,1011.0,Jan,2023,16.85,0.28
Erk Acarer,PEKER'DEN NAZARİ'YE: SAHİPLERİNE SÖYLE... (GÖRÜNTÜLÜ ARAMIŞ! ),2023-01-16 16:55:59+00:00,75129,1814,64,Monday,417.0,Jan,2023,6.95,0.12
Erk Acarer,Ağar ve Soylu ile Peker Arasında 2. Raund! Büyük Gözdağı: Çuvala Girecek Kelleler Var,2023-01-15 20:37:02+00:00,104682,5606,175,Sunday,1820.0,Jan,2023,30.33,0.51
Erk Acarer,Erdoğan'ın Adaylığında Son Nokta! 3 Yıl Önce Yazmıştık: Ebabil Hareketi!,2023-01-14 21:46:51+00:00,48007,2816,133,Saturday,4911.0,Jan,2023,81.85,1.36
Erk Acarer,MHP yolun sonuna geldi!,2023-01-13 18:44:58+00:00,46134,2841,164,Friday,259.0,Jan,2023,4.32,0.07
Erk Acarer,"Cinayetteki Son Nokta: PEKER ve SOYLU Olayın Neresinde? ""Türkmendağı Ekibi İşi Çözer!""",2023-01-12 20:35:17+00:00,80265,4984,185,Thursday,1856.0,Jan,2023,30.93,0.52
Erk Acarer,"Erdoğan, Sinan Ateş Cinayetini Fırsata mı Çevirecek? #sinanateş #erkacarer",2023-01-10 17:11:52+00:00,36479,1858,80,Tuesday,2106.0,Jan,2023,35.1,0.59
Erk Acarer,Sinan Ateş cinayetinin bilinmeyenleri #sinanateş #erkacarer #özgürüz #inadına,2023-01-09 16:32:57+00:00,43096,2043,103,Monday,251.0,Jan,2023,4.18,0.07
Erk Acarer,"Ankara'da Gizlenen Cinayet! Adalet Değil, Eskort Getirdi! Hakim, Kaymakam, İşadamı...",2023-01-08 20:22:01+00:00,99134,5014,235,Sunday,1082.0,Jan,2023,18.03,0.3
Erk Acarer,#Sinanateş Cinayetinde Yeni Gelişmeler! Siyasette Kartlar Yeniden Karıldı,2023-01-07 21:23:38+00:00,41593,2688,106,Saturday,4214.0,Jan,2023,70.23,1.17
Erk Acarer,"Özel Harekat Yanlarındaymış! Ateş'i, Araca Ataşehir'de Çakar Takıp Öldürmeye Gitmişler!",2023-01-05 20:18:10+00:00,91360,5044,232,Thursday,2459.0,Jan,2023,40.98,0.68
Erk Acarer,"Bakanlıkta, Ülkücü Koordinasyon Odası! #SinanAteş Cinayetiyle Ne İlgisi Var? Bu Nasıl Bir Düğüm?!",2023-01-04 07:52:22+00:00,16864,1007,45,Wednesday,314.0,Jan,2023,5.23,0.09
Erk Acarer,MHP'li #SinanATEŞ Neden Öldürüldü? Baştan Savma Bir Cinayet / Yine Hepsi Oradaydı!,2023-01-02 20:18:03+00:00,87028,6204,273,Monday,2454.0,Jan,2023,40.9,0.68
Erk Acarer,"Soylu, Sonunda AKP'yi Kendi Elleriyle Yıkacak! Peker Sussun, Kurtuluş Konuşsun İstiyor",2022-12-29 20:13:28+00:00,98613,4663,146,Thursday,2222.0,Dec,2022,37.03,0.62
Erk Acarer,İmamoğlu görevden alınacak mı?,2022-12-29 12:53:22+00:00,8820,794,31,Thursday,249.0,Dec,2022,4.15,0.07
Erk Acarer,"Masa Dağılıyor mu? Peker, Konuşacak mı?",2022-12-27 21:36:30+00:00,38335,2457,159,Tuesday,3775.0,Dec,2022,62.92,1.05
Erk Acarer,SARAYIN 4 AŞAMALI ÇOK KARANLIK PLANI,2022-12-25 20:11:15+00:00,63790,5011,235,Sunday,2030.0,Dec,2022,33.83,0.56
Erk Acarer,Kritik eşikteyiz!,2022-12-24 12:34:48+00:00,26013,1846,89,Saturday,271.0,Dec,2022,4.52,0.08
Erk Acarer,İşte Sarayın Savcısı: IŞİD Silahlarını da Suikastı da Kararttı!,2022-12-22 20:18:24+00:00,21157,2552,92,Thursday,2281.0,Dec,2022,38.02,0.63
Erk Acarer,Erk Acarer'den Kılıçdaroğlu'na: Berlin kaçıyor muydu?,2022-12-16 14:57:44+00:00,8906,717,85,Friday,247.0,Dec,2022,4.12,0.07
Erk Acarer,Saray'ın Beklediği Ölümcül Hata Ne?,2022-12-15 20:05:14+00:00,45625,3952,206,Thursday,1854.0,Dec,2022,30.9,0.52
Erk Acarer,Erdoğan'ın İmdat Butonu,2022-12-15 13:56:26+00:00,8895,760,41,Thursday,456.0,Dec,2022,7.6,0.13
Erk Acarer,#SonDakika #CanlıYayın ŞİMDİ NE OLACAK?,2022-12-14 16:12:34+00:00,29048,2131,165,Wednesday,3965.0,Dec,2022,66.08,1.1
Erk Acarer,Erdoğan'a Yeni Kıskaç: SITKI AYAN (Deşifre),2022-12-11 19:05:16+00:00,61962,4431,193,Sunday,1892.0,Dec,2022,31.53,0.53
Erk Acarer,Metin KÜLÜNK'ün Cevaplaması Gereken Gerçek Sorular: Suriye Silahları ve Paramiliter Faaliyetler,2022-12-10 20:08:56+00:00,15070,905,28,Saturday,177.0,Dec,2022,2.95,0.05
Erk Acarer,Hayatlarımız tehlikede!,2022-12-09 19:53:22+00:00,48011,2765,110,Friday,234.0,Dec,2022,3.9,0.06
Erk Acarer,Benim Sorularıma Cevabı Yok! Neden Şimdi Cesaret Buldu?,2022-12-08 20:21:59+00:00,59343,3731,133,Thursday,2882.0,Dec,2022,48.03,0.8
Erk Acarer,"Paylaşılamayan Yalıkavak Marina: O Alacaktı, Kısmet Olmadı. İşte Hikaye'nin Tüm Detayı",2022-12-06 19:17:08+00:00,11761,768,26,Tuesday,540.0,Dec,2022,9.0,0.15
Erk Acarer,"Koç, Ölümünden Önce Mansimov'dan Ne İstedi?",2022-12-04 18:58:24+00:00,109762,5344,201,Sunday,1544.0,Dec,2022,25.73,0.43
Erk Acarer,"6'lı Masa, 5'li Çete ve IŞİD Derken...",2022-12-02 16:08:46+00:00,10650,1077,39,Friday,268.0,Dec,2022,4.47,0.07
Erk Acarer,Sedat Peker'den Soylu'ya İlginç Gönderme! / Görüştüler mi Sorusuna Cevap,2022-12-01 18:10:09+00:00,46911,2057,73,Thursday,265.0,Dec,2022,4.42,0.07
Erk Acarer,"Bayram Değil Seyran Değil, O İsim Niye Orada? BAE'de Peker Brifingi",2022-11-30 19:01:27+00:00,62599,4354,213,Wednesday,1737.0,Nov,2022,28.95,0.48
Erk Acarer,ALTAY TANK SON DURUM! Yerli ve Milli tankı; Yerli ve Milli suikastçi katile yaptırıyorlarmış!,2022-11-29 17:34:17+00:00,13672,862,38,Tuesday,657.0,Nov,2022,10.95,0.18
Erk Acarer,Savcının Soramadığı Soruların Cevapları! ALTAY TANK'ın Motorunu Suikastın Kara Kutusu Yapacaktı,2022-11-27 19:08:15+00:00,29227,2405,69,Sunday,1820.0,Nov,2022,30.33,0.51
Erk Acarer,SON DAKİKA: AKP'YE DOKUNDU SAVCILIK İTİRAZ ETTİ. HABLEMİTOĞLU CİNAYETİ İDDİANAMESİNDEKİ DETAYLAR,2022-11-26 10:06:24+00:00,35692,1686,69,Saturday,991.0,Nov,2022,16.52,0.28
Erk Acarer,Levent Göktaş Bulgaristan'da 3. evliliğini yaptı! Tutukluluğu ev hapsine çevrildi!,2022-11-25 16:22:37+00:00,25025,1577,67,Friday,1586.0,Nov,2022,26.43,0.44
Erk Acarer,Antep'e düşen füzeler hangi ülkenin,2022-11-25 11:16:01+00:00,9031,880,41,Friday,251.0,Nov,2022,4.18,0.07
Erk Acarer,"SEDAT PEKER NEDEN ""SELEKTÖR"" YAPTI!",2022-11-24 18:47:49+00:00,96504,4725,116,Thursday,898.0,Nov,2022,14.97,0.25
Erk Acarer,"Çözülsün Değil, Kapansın İstiyorlar! Hablemitoğlu Cinayetinde İddianame Hazır...",2022-11-23 20:45:49+00:00,20029,1714,69,Wednesday,4023.0,Nov,2022,67.05,1.12
Erk Acarer,İLK KEZ Fethullah Gülen'i darbe dışında bir dava dosyasında geçirdiler,2022-11-21 17:06:49+00:00,18545,1271,68,Monday,1120.0,Nov,2022,18.67,0.31
Erk Acarer,İSTANBUL YARGISINDAN İRAN ÇETESİNE TEMİNAT!,2022-11-20 19:59:27+00:00,39311,2855,103,Sunday,1504.0,Nov,2022,25.07,0.42
Erk Acarer,İstanbul'daki bombalı saldırı ve Rojava'daki bombardıman,2022-11-20 16:48:14+00:00,46181,1982,152,Sunday,1015.0,Nov,2022,16.92,0.28
Erk Acarer,Taksim Saldırısında Cihatçı Grupların Parmağı mı Var? / İşte Kritik Sorular,2022-11-18 20:12:34+00:00,32987,3425,115,Friday,2126.0,Nov,2022,35.43,0.59
Erk Acarer,Biz Ne Dersek O Olur!.. İstanbul Saldırısının Ayrıntıları,2022-11-18 11:10:54+00:00,17590,1406,66,Friday,235.0,Nov,2022,3.92,0.07
Erk Acarer,İstiklal saldırısının şüpheli ve dikkat çeken detayları,2022-11-15 17:00:32+00:00,60215,2671,168,Tuesday,691.0,Nov,2022,11.52,0.19
Erk Acarer,ÇOK SANCILI BİR SÜRECİN PİMİNİ ÇEKTİLER!,2022-11-14 20:03:21+00:00,80552,5717,264,Monday,1815.0,Nov,2022,30.25,0.5
Erk Acarer,"AKP'nin ""SAYGIN"" uyuşturucu baronları!",2022-11-13 15:00:04+00:00,21640,1091,39,Sunday,531.0,Nov,2022,8.85,0.15
Erk Acarer,"ÇANLAR, SOYLU İÇİN ÇALIYOR!",2022-11-12 20:33:34+00:00,68566,4823,154,Saturday,3506.0,Nov,2022,58.43,0.97
Erk Acarer,Çeteler İstanbul'u Ele Geçirdi!,2022-11-11 12:09:19+00:00,22593,1563,107,Friday,239.0,Nov,2022,3.98,0.07
Erk Acarer,"SONUNDA ALICIYI BULDUM! KOLOMBİYA-TÜRKİYE HATTI'NDA MEŞHUR 4,9 TON",2022-11-10 19:54:29+00:00,121405,6055,305,Thursday,1185.0,Nov,2022,19.75,0.33
Erk Acarer,AKP MİLLETVEKİLİ EŞİNE 2 BIÇAKLA SALDIRMIŞ!,2022-11-08 15:26:04+00:00,27978,1441,78,Tuesday,885.0,Nov,2022,14.75,0.25
Erk Acarer,TAŞKESENLİOĞLU'ndan BAN'a: Şırıngayla Kan Alacağım!,2022-11-06 20:12:44+00:00,79960,4350,182,Sunday,2182.0,Nov,2022,36.37,0.61
Erk Acarer,Sedat Peker suikastçisi AHMET NAZARİ KİMDİR?,2022-11-05 15:00:39+00:00,43768,1716,113,Saturday,661.0,Nov,2022,11.02,0.18
Erk Acarer,Kılıçdaroğlu ayıp etmiş!,2022-11-04 16:57:57+00:00,21638,1605,68,Friday,271.0,Nov,2022,4.52,0.08
Erk Acarer,İktidara Kötü Haber! NAZARİ Yakalandı! BAE Araştırıyor: Emri Kim Verdi?,2022-11-03 20:13:42+00:00,156352,7987,301,Thursday,2222.0,Nov,2022,37.03,0.62
Erk Acarer,"AKP'li Ahmet Aydın'ın işine gelince ""HARAM"", işline gelince ""TİCARET""",2022-11-01 15:00:26+00:00,47781,1851,84,Tuesday,949.0,Nov,2022,15.82,0.26
Erk Acarer,"Yeni Rezillikler İfşa! İçki-Tütün, Petrol Kargo... ""Ak"" Vekile 60 Milyon Dolar Çerez Parası!",2022-10-30 20:03:07+00:00,92128,5338,181,Sunday,1611.0,Oct,2022,26.85,0.45
Erk Acarer,AKP'de kafalar çok karışık!,2022-10-29 09:56:12+00:00,25153,1548,61,Saturday,277.0,Oct,2022,4.62,0.08
Erk Acarer,"""Berat Albayrak vs Süleyman Soylu"" SAVAŞ BİTMİYOR!",2022-10-28 15:59:51+00:00,59837,1946,77,Friday,864.0,Oct,2022,14.4,0.24
Erk Acarer,Bakanlıklar Parça Parça! Adalet Bakanı Kim?,2022-10-27 20:10:09+00:00,44338,3107,121,Thursday,2139.0,Oct,2022,35.65,0.59
Erk Acarer,AKP Üç Şey Söylüyor!,2022-10-26 07:35:06+00:00,14805,1301,60,Wednesday,244.0,Oct,2022,4.07,0.07
Erk Acarer,Metro Turizm kurucusu Galip Öztürk'ün hikayesi,2022-10-24 15:00:28+00:00,122018,3010,236,Monday,786.0,Oct,2022,13.1,0.22
Erk Acarer,Gizlenen Tutanaklar! Ya O da Konuşursa!,2022-10-23 20:01:44+00:00,108540,5250,192,Sunday,1698.0,Oct,2022,28.3,0.47
Erk Acarer,"Sedat Peker cephesinden yeni gelişmeler: ""TASMA FABRİKASI AÇACAĞIM!""",2022-10-23 15:00:05+00:00,94498,2392,134,Sunday,493.0,Oct,2022,8.22,0.14
Erk Acarer,AKP'nin 'BİTLİ PİYADESİ': Mehmet Ali Çelebi,2022-10-23 13:00:00+00:00,20353,1401,53,Sunday,34.0,Oct,2022,0.57,0.01
Erk Acarer,AKP'liler Zehra Taşkesenlioğlu'ndan neden gurur duyuyor?,2022-10-23 11:00:18+00:00,12831,937,36,Sunday,39.0,Oct,2022,0.65,0.01
Erk Acarer,AKP'nin AR DAMARI ÇATLAMIŞ,2022-10-23 09:07:26+00:00,17212,1500,32,Sunday,37.0,Oct,2022,0.62,0.01
Erk Acarer,AKP'den İYİ Parti'ye transferler: AKP'den rahatsız olan AKP Milletvekilleri,2022-10-22 18:07:35+00:00,71494,2999,181,Saturday,945.0,Oct,2022,15.75,0.26
Erk Acarer,Peker'den Soylu'ya Sert Sözler: AKP'yi Bu Kavga Bitirecek!,2022-10-21 19:55:43+00:00,118980,5873,168,Friday,1359.0,Oct,2022,22.65,0.38
Erk Acarer,Derin Çatlaklar Var,2022-10-20 20:02:33+00:00,81761,4961,172,Thursday,1700.0,Oct,2022,28.33,0.47
Erk Acarer,Atatürkçülerle İslamcıların İTTİFAKI!,2022-10-20 16:53:30+00:00,9864,618,68,Thursday,1231.0,Oct,2022,20.52,0.34
Erk Acarer,Her Yerde Her Konuda OMERTA. Konuğumuz Av. Figen ÇALIKUŞU,2022-10-19 20:42:03+00:00,35142,2563,94,Wednesday,3928.0,Oct,2022,65.47,1.09
Erk Acarer,"Derin Bağlar Kirli İlişkiler! Metro'nun Sahibi, FETÖ Borsası'nın Tetikçisiyle de Ortakmış!",2022-10-18 18:42:17+00:00,45449,1910,92,Tuesday,406.0,Oct,2022,6.77,0.11
Erk Acarer,"""ABD TÜRKİYE'Yİ İŞGAL PLANI YAPIYOR "" ne demek?",2022-10-17 15:59:09+00:00,56220,2018,107,Monday,517.0,Oct,2022,8.62,0.14
Erk Acarer,Kullanışlı Çakallar ve Tatlısu Kurnazları,2022-10-16 20:04:57+00:00,83766,5329,211,Sunday,1893.0,Oct,2022,31.55,0.53
Erk Acarer,Sedat Peker KAMİKAZE DALIŞINA hazırlanıyor!,2022-10-15 18:01:16+00:00,284431,6300,493,Saturday,580.0,Oct,2022,9.67,0.16
Erk Acarer,Teğmen Çelebi'nin Seyahatnamesi,2022-10-15 07:52:50+00:00,14534,1185,51,Saturday,262.0,Oct,2022,4.37,0.07
Erk Acarer,Yeni Bilgiler! BAE'ye Girmek Bile Zor. Ne Saklıyorsunuz?,2022-10-13 19:04:23+00:00,116275,7039,323,Thursday,1863.0,Oct,2022,31.05,0.52
Erk Acarer,SÜLEYMAN SOYLU eşittir YALAN; SÜLEYMAN SOYLU demek YALAN demek,2022-10-11 15:00:08+00:00,40773,1977,148,Tuesday,666.0,Oct,2022,11.1,0.18
Erk Acarer,"""Sedat Peker Yasası"" ve ""Siber Alem"" Rahatlığı Uyuşturucu Albümünü Unutturdu!",2022-10-09 20:05:51+00:00,59107,3661,174,Sunday,1837.0,Oct,2022,30.62,0.51
Erk Acarer,Kuyudaki Erdoğan ve Kılıçdaroğlu,2022-10-09 09:52:39+00:00,17395,1305,87,Sunday,296.0,Oct,2022,4.93,0.08
Erk Acarer,Yerli ve Milli F-16 yapmak için büyücülere aylık 90 bin TL veriyorlar,2022-10-08 17:00:33+00:00,52635,2312,238,Saturday,917.0,Oct,2022,15.28,0.25
Erk Acarer,Onur Şener'in sabıkalı katilleri devlet memuru olarak nasıl çalıştılar?,2022-10-07 19:36:08+00:00,10794,880,43,Friday,512.0,Oct,2022,8.53,0.14
Erk Acarer,Müzisyen Cinayeti İle Gündeme Oturan TEI'de Üfürükle Motor Bakımı,2022-10-06 20:09:44+00:00,50533,3903,173,Thursday,2061.0,Oct,2022,34.35,0.57
Erk Acarer,"Süleyman Soylu'nun ""SUÇ ORTAKLARI"" korkusu",2022-10-04 15:30:11+00:00,63373,2700,114,Tuesday,1210.0,Oct,2022,20.17,0.34
Erk Acarer,"Dilşah Ercan YALANI DA tescillendi! 12-13 saat uçarak geldiler, Afrin'de mola verdiler! YOK ARTIK!",2022-10-03 15:56:36+00:00,29595,1477,100,Monday,391.0,Oct,2022,6.52,0.11
Erk Acarer,Hayalle de Mafyayla da Arasına Mesafe Koymalı,2022-10-02 20:05:51+00:00,65171,4245,126,Sunday,1907.0,Oct,2022,31.78,0.53
Erk Acarer,Külliye'de Küçük Kıyamet!,2022-10-01 18:00:49+00:00,170170,5627,299,Saturday,243.0,Oct,2022,4.05,0.07
Erk Acarer,Sedat Peker ve Şişli'de öldürülen Sırp Skaljari Çetesi lideri Jovica Vukotiç,2022-09-30 15:00:45+00:00,49397,1858,78,Friday,730.0,Sep,2022,12.17,0.2
Erk Acarer,Yine Ne Dolaplar Dönüyor? Derin Şüpheler Var!,2022-09-29 20:04:44+00:00,70533,5041,150,Thursday,1902.0,Sep,2022,31.7,0.53
Erk Acarer,Mersin saldırısı ve karanlık tünel,2022-09-29 14:47:40+00:00,25527,1596,59,Thursday,298.0,Sep,2022,4.97,0.08
Erk Acarer,Sedat Peker'in Süleyman Soylu'yu yıpratması Erdoğan'ın neden hoşuna gitti?,2022-09-26 15:27:10+00:00,44623,2091,86,Monday,938.0,Sep,2022,15.63,0.26
Erk Acarer,Soylu Gider mi? Soylu'nun Arşivinde Neler Var?,2022-09-25 20:37:17+00:00,78689,5725,250,Sunday,1969.0,Sep,2022,32.82,0.55
Erk Acarer,Cevheri Güven'in evi ve Emre Olur'un ifadesi,2022-09-24 15:15:50+00:00,99024,4427,162,Saturday,266.0,Sep,2022,4.43,0.07
Erk Acarer,"Tüm Plan Deşifre Oldu! Saray Rejimi Diyor ki: Sus, Türkiye Uyuyacak!",2022-09-22 20:33:43+00:00,112113,7788,321,Thursday,1782.0,Sep,2022,29.7,0.5
Erk Acarer,"BAE'den Sedat Peker'e gözdağı: ""Devam edersen seni Türkiye'ye iade ederiz!""",2022-09-21 15:33:26+00:00,51072,2083,203,Wednesday,562.0,Sep,2022,9.37,0.16
Erk Acarer,"Soylu'ya Ağza Alınmayacak Sözler: Peker, Vasiyet Yazmış!",2022-09-20 20:05:03+00:00,259474,12613,625,Tuesday,1888.0,Sep,2022,31.47,0.52
Erk Acarer,Babasının izinde; Engin Levent Soylu! Süleyman Soylu'nun 15 Temmuz icraatları,2022-09-20 13:58:47+00:00,69807,2726,155,Tuesday,933.0,Sep,2022,15.55,0.26
Erk Acarer,Gazeteciler risk altında mı? İktidar #EmreOlur üzerinden gazetecilere operasyon mu çekecek?,2022-09-19 16:11:38+00:00,25841,1341,98,Monday,1077.0,Sep,2022,17.95,0.3
Erk Acarer,"#SedatPeker 'in sağ kolu #EmreOlur İstanbul'da! Amaç, örgüt çıkarıp; muhalif tutuklamak mı?",2022-09-18 15:51:11+00:00,69445,2761,205,Sunday,1277.0,Sep,2022,21.28,0.35
Erk Acarer,Peker'in Sağ Kolu Emre Olur Arnavutluk'ta Tecritte! İktidarın Sedat Peker Planı Ne?,2022-09-17 20:53:05+00:00,81859,4936,246,Saturday,4329.0,Sep,2022,72.15,1.2
Erk Acarer,"#sedatpeker 'in infazı: Azeri, Kazak, Sırp, Rus, İran mafya grupları!",2022-09-16 15:01:06+00:00,110108,3388,303,Friday,996.0,Sep,2022,16.6,0.28
Erk Acarer,Peker'in Peşinde Kimler Var? Bu Bilgiler Tartışmaya Açık Değildir!,2022-09-15 20:04:24+00:00,69071,5250,213,Thursday,1865.0,Sep,2022,31.08,0.52
Erk Acarer,#SedatPeker 'in öldürülme ihtimali!,2022-09-15 10:18:58+00:00,26504,1905,120,Thursday,276.0,Sep,2022,4.6,0.08
Erk Acarer,Son ifşaların ardından #SedatPeker 'e yeniden dijital tecrit başlatıldı!,2022-09-12 17:00:24+00:00,50049,2257,121,Monday,615.0,Sep,2022,10.25,0.17
Erk Acarer,#Peker'e Büyük Tecrit! Neden Bu Kadar Rahatsız Oldular?,2022-09-11 20:10:55+00:00,104816,6593,222,Sunday,2164.0,Sep,2022,36.07,0.6
Erk Acarer,Muhalefet BAE'ye gidip Sedat Peker'den tüm belgeleri almalıydı,2022-09-10 10:28:16+00:00,25346,1291,147,Saturday,517.0,Sep,2022,8.62,0.14
Erk Acarer,Erdoğan yeniden seçilirse ülke Azerbaycan'a döner; Bu seçim son demokratik seçim!,2022-09-09 14:08:39+00:00,16843,943,103,Friday,684.0,Sep,2022,11.4,0.19
Erk Acarer,Erdoğan Kaybediyor! Peki Muhalefette Neler Oluyor? Kemal ÖZKİRAZ Değerlendiriyor,2022-09-08 20:06:28+00:00,35911,2590,242,Thursday,3213.0,Sep,2022,53.55,0.89
Erk Acarer,#Peker cephesinde önemli gelişmeler!,2022-09-08 12:59:27+00:00,25730,1600,69,Thursday,297.0,Sep,2022,4.95,0.08
Erk Acarer,AKP'li Belediye Başkanından; AKP'li Milletvekiline her ay 40 Bin TL harçlık!,2022-09-07 11:46:50+00:00,20041,1093,116,Wednesday,604.0,Sep,2022,10.07,0.17
Erk Acarer,"Malta'da Yat, Borsada Ortak, FETÖ'ye Kaynak!",2022-09-06 20:46:47+00:00,52432,3521,164,Tuesday,4032.0,Sep,2022,67.2,1.12
Erk Acarer,"Cihan Ekşioğlu saldırıya uğramış, hafif yaralı! Mehmet Ağar ile husumeti var!",2022-09-05 10:51:19+00:00,59587,2183,117,Monday,689.0,Sep,2022,11.48,0.19
Erk Acarer,Türkiye Böylesini Görmemişti: AKP Çözülme Aşamasında!,2022-09-04 20:01:38+00:00,97336,6373,277,Sunday,1725.0,Sep,2022,28.75,0.48
Erk Acarer,"Peker Erdoğan’ı sıkıştırdı, kelle alacak!",2022-09-04 14:45:09+00:00,48582,2546,146,Sunday,288.0,Sep,2022,4.8,0.08
Erk Acarer,Sedat Peker'in sıradaki hedefi; AKP Milletvekili Çiğdem Karaaslan,2022-09-03 17:00:20+00:00,87621,2665,187,Saturday,927.0,Sep,2022,15.45,0.26
Erk Acarer,"Erdoğan seçim öncesi Süleyman Soylu'nun ""kellesini"" alacak!",2022-09-03 10:00:16+00:00,126387,3177,302,Saturday,814.0,Sep,2022,13.57,0.23
Erk Acarer,Tek Kelime ile AKP'nin Yarattığı Türkiye: #SUÇ,2022-09-02 20:35:33+00:00,51761,3336,116,Friday,5155.0,Sep,2022,85.92,1.43
Erk Acarer,Borsa Skandalı Başka Bir AKP'liye Daha Uzandı: Samsun AKP Milletvekili Çiğdem Karaaslan ve Eşi,2022-09-02 08:09:16+00:00,67314,2277,187,Friday,632.0,Sep,2022,10.53,0.18
Erk Acarer,"İddiaların Hepsi ""Tayyip Abi'ye"" Uzanıyor: Bütün Yollar Saraya Çıkıyor!",2022-09-01 20:11:00+00:00,67071,5111,248,Thursday,2112.0,Sep,2022,35.2,0.59
Erk Acarer,Sedat Peker'in ifşası doğrulandı! Suç ortağından şok itiraflar: Ali Fevzi Bir'i biz kaçırdık!,2022-09-01 12:43:13+00:00,25487,1256,100,Thursday,1446.0,Sep,2022,24.1,0.4
Erk Acarer,"AKP'li Ali Fuat ve Zehra Taşkesenlioğlu kardeşlerin ""HARAM PARA TEŞKİLATI""",2022-08-31 12:55:10+00:00,40159,1486,119,Wednesday,856.0,Aug,2022,14.27,0.24
Erk Acarer,"AKP Milletvekili Zehra Taşkesenlioğlu beni Erzurum'da; köy kahvesinde, elinde tesbihle karşıladı!",2022-08-30 15:46:09+00:00,53182,1871,215,Tuesday,1265.0,Aug,2022,21.08,0.35
Erk Acarer,Zehra Taşkesenlioğlu Bu Kirli İlişkiler Ağının Neresinde? Mine Tozlu'dan Flaş Açıklamalar,2022-08-29 22:12:29+00:00,62292,3335,220,Monday,7962.0,Aug,2022,132.7,2.21
Erk Acarer,"Vatan, Millet, YOLSUZLUK!",2022-08-29 15:43:16+00:00,17306,1110,107,Monday,817.0,Aug,2022,13.62,0.23
Erk Acarer,Gündem Yine Sarsılacak! Peker'in Bir İddiası Daha Doğrulandı! Tanık Anlatıyor...,2022-08-28 16:00:18+00:00,104679,6556,496,Sunday,3672.0,Aug,2022,61.2,1.02
Erk Acarer,Sedat Peker açıkladı: Aile boyu rezillik ve yolsuzluk! Burdur İl Milli Eğitim Müdürü Nesrin Kakırman,2022-08-28 13:14:50+00:00,89874,2484,273,Sunday,669.0,Aug,2022,11.15,0.19
Erk Acarer,Peker Rüşveti de Belgeledi: 7'den 70'e Hepsi Hırsız!,2022-08-27 20:33:56+00:00,103372,5755,426,Saturday,4989.0,Aug,2022,83.15,1.39
Erk Acarer,Sedat Peker korkusundan ortadan kaybolan tetikçi gazeteciler!,2022-08-27 15:16:14+00:00,41632,1564,118,Saturday,742.0,Aug,2022,12.37,0.21
Erk Acarer,Sedat Peker'den yeni açıklamalar: 5. vitese taktım!,2022-08-26 18:15:19+00:00,85238,3282,203,Friday,913.0,Aug,2022,15.22,0.25
Erk Acarer,İşiniz Peker'in İddialarını Araştırmak mı Yoksa Gülşen'in Lincine Katılmak mı?,2022-08-25 20:40:25+00:00,62270,4012,264,Thursday,3265.0,Aug,2022,54.42,0.91
Erk Acarer,"""Tiki Tikine"" Gitmeyi Göreceksiniz!",2022-08-24 21:02:18+00:00,91128,4989,220,Wednesday,4921.0,Aug,2022,82.02,1.37
Erk Acarer,"""17-18 Hasan"" ne demek? Bize ahlak dersi verenlerin etik dışı hikayesi!",2022-08-24 15:23:08+00:00,13524,1084,60,Wednesday,567.0,Aug,2022,9.45,0.16
Erk Acarer,"Paralar nasıl sıfırlandı? ""Hasan abiyi aradık babacım!""",2022-08-23 15:24:40+00:00,57500,2925,143,Tuesday,699.0,Aug,2022,11.65,0.19
Erk Acarer,"Erdoğan'ın kasası Hasan Yeşildağ, Aziz Yıldırım'ın yeğenini niye kaçırmak istedi?",2022-08-22 18:55:17+00:00,17326,1249,59,Monday,489.0,Aug,2022,8.15,0.14
Erk Acarer,Haram ve Uçkur İmparatorluğu : Meşhur Arşivci Deyyus-u Ekber,2022-08-21 19:32:50+00:00,109224,8088,343,Sunday,1733.0,Aug,2022,28.88,0.48
Erk Acarer,AKP'nin sonu geldi!,2022-08-18 19:56:15+00:00,48626,3799,305,Thursday,290.0,Aug,2022,4.83,0.08
Erk Acarer,Yer Ulus Kafe: Ne Kayıtlar Tutuldu Ne Kayıtlar!,2022-08-17 20:50:36+00:00,90330,4585,268,Wednesday,4448.0,Aug,2022,74.13,1.24
Erk Acarer,"Kim Bu Hasan Yeşildağ? Tayyip'e En ""Derin"" Destek!",2022-08-16 13:58:03+00:00,29255,1880,115,Tuesday,679.0,Aug,2022,11.32,0.19
Erk Acarer,Peker'in Ölümcül Hamlesi: Erdoğan'a 5 Kala!,2022-08-14 20:47:22+00:00,150145,8825,440,Sunday,2143.0,Aug,2022,35.72,0.6
Erk Acarer,"Soylu'nun Altı Oyuldu, Yol Göründü!",2022-08-12 13:13:41+00:00,50748,2064,91,Friday,206.0,Aug,2022,3.43,0.06
Erk Acarer,"Erdoğan, Hiç Bu Kadar Çaresiz Olmamıştı!",2022-08-11 19:31:55+00:00,62775,4988,201,Thursday,1509.0,Aug,2022,25.15,0.42
Erk Acarer,Erdoğan’ın masasındaki plan!,2022-08-11 11:05:16+00:00,13147,1186,38,Thursday,235.0,Aug,2022,3.92,0.07
Erk Acarer,Erdoğan'ın 4 Aşamalı Seçim Planı,2022-08-09 17:33:06+00:00,25002,1458,68,Tuesday,509.0,Aug,2022,8.48,0.14
Erk Acarer,O Şimdi... Önce Berkin Elvan Tweet'lerini Sildi!,2022-08-07 19:37:13+00:00,50580,3897,187,Sunday,2033.0,Aug,2022,33.88,0.56
Erk Acarer,"İntihar Dosyasında ""Derin"" Şaibe! Sır Dolu Bir Marina: Yalıkavak",2022-08-07 11:29:34+00:00,18270,1152,39,Sunday,581.0,Aug,2022,9.68,0.16
Erk Acarer,"O Cemevi Neden Seçildi? Peker, Aylar Öncesinden Uyarmıştı!",2022-08-05 09:50:24+00:00,14473,976,58,Friday,401.0,Aug,2022,6.68,0.11
Erk Acarer,Yalıkavak'ta Ne Gizleniyor? O Cemevi Neden Seçildi?,2022-08-04 19:52:41+00:00,77050,5438,197,Thursday,2536.0,Aug,2022,42.27,0.7
Erk Acarer,Hem hırsız hem de katiller,2022-08-04 14:55:20+00:00,21646,1678,99,Thursday,260.0,Aug,2022,4.33,0.07
Erk Acarer,Konu: Susurluk. Derinden de Derin Suikastçılar Listesindeki O İsim,2022-07-31 19:33:15+00:00,80906,4869,155,Sunday,1458.0,Jul,2022,24.3,0.4
Erk Acarer,Hiçbir Şey Bildiğiniz Gibi Değil! Cehennem Kapıları Açılıyor!,2022-07-28 19:45:49+00:00,120648,5815,312,Thursday,4144.0,Jul,2022,69.07,1.15
Erk Acarer,Levent Göktaş pazarlığı ve cinayet,2022-07-28 15:00:30+00:00,20714,1557,78,Thursday,256.0,Jul,2022,4.27,0.07
Erk Acarer,Çete Rejimi Çatırdıyor!,2022-07-24 21:40:12+00:00,67945,4235,161,Sunday,5515.0,Jul,2022,91.92,1.53
Erk Acarer,"Reza Solda Sıfır Kalacak! SBK'da ""Gazeteci"" Çocuklarının Bile Ses Kaydı Var!",2022-07-21 19:27:27+00:00,131073,7113,305,Thursday,1311.0,Jul,2022,21.85,0.36
Erk Acarer,AKP'nin kaçış planı ve Berat Albayrak,2022-07-21 11:02:48+00:00,47378,2783,174,Thursday,226.0,Jul,2022,3.77,0.06
Erk Acarer,Suikast Planı Tutmamış! Peker Nerede?,2022-07-19 17:01:30+00:00,53751,4701,86,Tuesday,317.0,Jul,2022,5.28,0.09
Erk Acarer,"4 Bin Kişilik Destan, Erdoğan Bin Pişman!",2022-07-17 19:30:33+00:00,111202,7727,294,Sunday,1648.0,Jul,2022,27.47,0.46
Erk Acarer,"Sedat Peker, Cübbeli Ahmet ve İç Savaş Uyarısı",2022-07-15 13:19:10+00:00,36462,2439,128,Friday,226.0,Jul,2022,3.77,0.06
Erk Acarer,"Yalanlar, Gerçekler... 15 Temmuz Malzeme mi Yapıldı?",2022-07-14 19:44:21+00:00,45894,3221,220,Thursday,2411.0,Jul,2022,40.18,0.67
Erk Acarer,Savcılar Bu Suçlar İçin Ne Zaman Harekete Geçer? / Lale Özan Arslan Soruyor,2022-07-12 21:21:02+00:00,39122,2796,98,Tuesday,4501.0,Jul,2022,75.02,1.25
Erk Acarer,Susurluk'tan AKP'ye: Çember Daraldı!,2022-07-10 19:28:35+00:00,71744,5519,215,Sunday,1406.0,Jul,2022,23.43,0.39
Erk Acarer,"Cengiz, O Arşivle mi Devleti Soydu?",2022-07-07 19:37:34+00:00,53631,4201,132,Thursday,2058.0,Jul,2022,34.3,0.57
Erk Acarer,Sedat Peker çok şey anlatacak!,2022-07-06 21:36:50+00:00,19855,1672,61,Wednesday,225.0,Jul,2022,3.75,0.06
Erk Acarer,Madde Madde Son 1 Haftada Yaşananlar,2022-07-03 20:42:13+00:00,124215,7017,279,Sunday,3557.0,Jul,2022,59.28,0.99
Erk Acarer,3 Kısa Kayıtta Saray ve AKP'nin Özeti,2022-06-30 19:36:30+00:00,51882,3835,115,Thursday,1983.0,Jun,2022,33.05,0.55
Erk Acarer,"Kimse farkında değil, ama",2022-06-29 18:52:12+00:00,28038,2392,87,Wednesday,226.0,Jun,2022,3.77,0.06
Erk Acarer,Hanefi Avcı Cevaplıyor! Rütbe Değil Adalet Sökülüyor!,2022-06-28 20:16:38+00:00,28572,1975,110,Tuesday,4148.0,Jun,2022,69.13,1.15
Erk Acarer,"Sıcak Gelişme: Antep'te ""FETÖ"" Borsası Patladı!",2022-06-27 20:29:10+00:00,69632,4222,145,Monday,1594.0,Jun,2022,26.57,0.44
Erk Acarer,Peker: Daha Hiçbir Şey Anlatmadım!,2022-06-26 19:41:41+00:00,199528,8144,349,Sunday,2297.0,Jun,2022,38.28,0.64
Erk Acarer,"Erdoğan'ın İşi Daha Da Zor. ""Ebu Testere"" Hepsini İp Gibi Hizaya Soktu!",2022-06-23 19:30:38+00:00,33650,3345,127,Thursday,1565.0,Jun,2022,26.08,0.43
Erk Acarer,Bahçeli ahlaksızlık arıyorsa Diyarbakır'a baksın!,2022-06-22 18:33:16+00:00,13193,1451,66,Wednesday,258.0,Jun,2022,4.3,0.07
Erk Acarer,Bu Düğüm Çözülmezse Ülke Çözülür!,2022-06-19 19:37:46+00:00,30225,2853,97,Sunday,1834.0,Jun,2022,30.57,0.51
Erk Acarer,Yüzlerce Kişiyi Gözaltına Alıp Test Yapacaklar!,2022-06-16 19:33:03+00:00,115586,6698,321,Thursday,1826.0,Jun,2022,30.43,0.51
Erk Acarer,Soylu bir ilke imza attı!,2022-06-15 19:11:22+00:00,24633,2128,74,Wednesday,256.0,Jun,2022,4.27,0.07
Erk Acarer,"Hablemitoğlu Var, ""Silah ve Çökme"" Yok!",2022-06-12 19:33:57+00:00,25447,2306,67,Sunday,1839.0,Jun,2022,30.65,0.51
Erk Acarer,20 Yıllık Kara Kaplı Defter Açılacak! Kimler Yok ki: Yakın Dost Remzi Gür!,2022-06-09 19:28:47+00:00,61937,5246,210,Thursday,1552.0,Jun,2022,25.87,0.43
Erk Acarer,Türkiye'de iç çatışma riski büyüyor!,2022-06-08 19:41:14+00:00,31184,2517,102,Wednesday,253.0,Jun,2022,4.22,0.07
Erk Acarer,"Balkon Korkusu: Erdoğan Aynı Gece, Darbeci İlan Edilir!",2022-06-05 19:40:18+00:00,119434,8551,435,Sunday,2139.0,Jun,2022,35.65,0.59
Erk Acarer,Her Taşın Altında SADAT Var!,2022-06-02 19:27:20+00:00,30486,3201,127,Thursday,1467.0,Jun,2022,24.45,0.41
Erk Acarer,Erk Acarer uyardı: Türkiye çok şeye gebe!,2022-06-01 16:43:14+00:00,24816,2192,104,Wednesday,253.0,Jun,2022,4.22,0.07
Erk Acarer,Savaş Değil Kontrollü Kaos İstiyor! / Sıkıyönetim Arayışı mı?,2022-05-29 19:36:31+00:00,42858,4344,258,Sunday,1923.0,May,2022,32.05,0.53
Erk Acarer,"Kaçan Kaçana! Erkam Yıldırım Kaç Villa Sattı, Şu Anda Nerede?",2022-05-26 19:25:46+00:00,116404,8163,364,Thursday,1366.0,May,2022,22.77,0.38
Erk Acarer,Kılıçdaroğlu gözdağı verdi!,2022-05-25 16:21:32+00:00,13889,1430,66,Wednesday,238.0,May,2022,3.97,0.07
Erk Acarer,Artık MİT ve Emniyet de Rahatsız / AKP Gençlik ve Kadın Kolları Silahlanıyor mu?,2022-05-22 19:26:08+00:00,52228,4924,261,Sunday,1304.0,May,2022,21.73,0.36
Erk Acarer,Adnan TANRIVERDİ'ye Zor Sorular / SBK'ya Yeşil Pasaport da Vermişler!,2022-05-19 19:35:56+00:00,50220,4297,161,Thursday,1944.0,May,2022,32.4,0.54
Erk Acarer,"SADAT'ın Canlı Yayında Çöküşü YENİAKİT'çi Sabri BALAMAN, Kimden, Ne Zaman, Ne İstedi?",2022-05-18 13:47:37+00:00,57795,4973,245,Wednesday,910.0,May,2022,15.17,0.25
Erk Acarer,"Vatan, Millet, Bayrak, Tecavüz / Şırnak'ta Bir Kadını Yaktı!",2022-05-17 14:41:12+00:00,22204,2051,135,Tuesday,220.0,May,2022,3.67,0.06
Erk Acarer,"NEDEN ŞİMDİ? / Kılıçdaroğlu'nun Sadat Baskını ""Gelen Bilgi Çok Kritik!""",2022-05-15 19:43:14+00:00,48173,4108,155,Sunday,2350.0,May,2022,39.17,0.65
Erk Acarer,"""SOYLUGATE"" Skandalı! Bu Dinlemeler Nasıl Yapıldı?",2022-05-14 08:00:03+00:00,34441,2332,152,Saturday,199.0,May,2022,3.32,0.06
Erk Acarer,"Bir Kürek de Mübariz Attı! Peker'i Teyid Etti, Çok Kritik Mesajlar Verdi.",2022-05-12 19:31:24+00:00,37560,3066,89,Thursday,1698.0,May,2022,28.3,0.47
Erk Acarer,Kaos ve İç Savaş Planları!,2022-05-11 17:30:07+00:00,29026,2244,105,Wednesday,286.0,May,2022,4.77,0.08
Erk Acarer,''Görev Tamam Reis'im'' Kod Adı: Nagehan,2022-05-08 19:33:51+00:00,168047,9757,1459,Sunday,1818.0,May,2022,30.3,0.5
Erk Acarer,"""Sessiz İstila Tartışılırken Bunu Kimse Görmüyor! Komşumuz EL-KAİDE Geliş-Geçiş Serbest",2022-05-05 19:30:02+00:00,28502,2799,155,Thursday,1631.0,May,2022,27.18,0.45
Erk Acarer,Erdoğan Sedat Peker'i istedi!,2022-05-04 15:07:25+00:00,36569,2384,114,Wednesday,241.0,May,2022,4.02,0.07
Erk Acarer,Heyetin Donduğu Ana Tanık Olanlar Var: Erdoğan'ı Kabe'de 2 Şey Çökertti!,2022-05-01 19:28:46+00:00,312346,13958,912,Sunday,1555.0,May,2022,25.92,0.43
Erk Acarer,Sedat Peker Geri mi Dönüyor? Merak Edilen O Soru: Ne Zaman?,2022-04-29 09:15:00+00:00,48536,2528,109,Friday,296.0,Apr,2022,4.93,0.08
Erk Acarer,"Danıştay, Sarayda Büyük Korku Yarattı: Erdoğan'ın Şok Planı Bozuldu!",2022-04-28 19:27:54+00:00,80792,6048,208,Thursday,1467.0,Apr,2022,24.45,0.41
Erk Acarer,Büyük şok geliyor!,2022-04-27 13:37:33+00:00,39465,2658,145,Wednesday,259.0,Apr,2022,4.32,0.07
Erk Acarer,Peker'in Tüm Rotası ABD Raporunda,2022-04-24 20:45:25+00:00,62647,4304,231,Sunday,2497.0,Apr,2022,41.62,0.69
Erk Acarer,Ver Coşkuyu: Tamamen Yerli ve Milli... Bir Silah Tacirinin Anatomisi,2022-04-21 20:39:29+00:00,29613,2534,63,Thursday,2112.0,Apr,2022,35.2,0.59
Erk Acarer,"İş Çığırından Çıktı, Mesele BAE'yi Aşıyor! Peker'e Ricanın Nedeni ABD'nin Narko Raporu mu?",2022-04-17 20:34:14+00:00,89703,6511,257,Sunday,1877.0,Apr,2022,31.28,0.52
Erk Acarer,Sedat Peker'i Arayan AKP'li ve MHP'li Vekiller Kim?,2022-04-16 10:01:37+00:00,98986,5734,295,Saturday,536.0,Apr,2022,8.93,0.15
Erk Acarer,Albüme Değil Sisteme Bak! Uyuşturucudan Kim Pay Alıyor?,2022-04-14 20:41:57+00:00,43046,3324,168,Thursday,2316.0,Apr,2022,38.6,0.64
Erk Acarer,İktidar düşecek!,2022-04-14 00:07:15+00:00,16560,1536,93,Thursday,307.0,Apr,2022,5.12,0.09
Erk Acarer,"Kim Bu ATADEDELER Çetesi, Bu İddialar Neden Araştırılmıyor?",2022-04-10 20:31:17+00:00,36668,2999,91,Sunday,1698.0,Apr,2022,28.3,0.47
Erk Acarer,O Emretsin Reisi Bile Alırım! Erdoğan Buna Ne Diyecek?,2022-04-07 20:36:56+00:00,82788,4836,217,Thursday,2001.0,Apr,2022,33.35,0.56
Erk Acarer,Sarayın Çıkışı Yok!,2022-04-06 20:53:35+00:00,23090,2197,106,Wednesday,5907.0,Apr,2022,98.45,1.64
Erk Acarer,Erdoğan kapısındaki fırsatı gördü!,2022-04-05 19:40:44+00:00,14801,1116,51,Tuesday,256.0,Apr,2022,4.27,0.07
Erk Acarer,Büyük Yol Ayrımı: Sancak Niye İhraç Edildi?,2022-04-03 20:42:54+00:00,35386,3604,127,Sunday,2351.0,Apr,2022,39.18,0.65
Erk Acarer,Endişelenme Size Özel Harekatçı Göndereceğim!,2022-03-31 19:00:12+00:00,56792,3687,133,Thursday,526.0,Mar,2022,8.77,0.15
Erk Acarer,Zaman Eski Muhabiri Dönmez'e İsveç'teki Saldırı: Üç Gün Taksiyle Keşif Yaptılar!,2022-03-27 20:31:55+00:00,76893,3995,179,Sunday,1707.0,Mar,2022,28.45,0.47
Erk Acarer,Erdoğan'a Silahlı Mesaj: Beni Yersen Her Şeyi Anlatırım!,2022-03-24 20:47:46+00:00,173396,10567,495,Thursday,2261.0,Mar,2022,37.68,0.63
Erk Acarer,Uzi'li Çeteciden Yeni Bir SBK Doğuyor!,2022-03-20 20:27:14+00:00,43649,2921,218,Sunday,1483.0,Mar,2022,24.72,0.41
Erk Acarer,Peker Kıbrıs'ı Neden Bu Kadar Öne Çıkardı?,2022-03-17 20:42:47+00:00,34758,2480,72,Thursday,2345.0,Mar,2022,39.08,0.65
Erk Acarer,AKP'den HDP'ye Baskın Kapatma Planı! Peki Nasıl Olacak?,2022-03-13 20:01:08+00:00,42980,3044,149,Sunday,3241.0,Mar,2022,54.02,0.9
Erk Acarer,Yokluğun ve Kıtlığın Sebebi de Şovun Sahibi de AKP,2022-03-10 20:29:04+00:00,29329,2873,104,Thursday,1541.0,Mar,2022,25.68,0.43
Erk Acarer,Yine Cihatçı Köprüsü mü Oluyoruz?,2022-03-06 20:40:44+00:00,21435,2350,105,Sunday,2162.0,Mar,2022,36.03,0.6
Erk Acarer,Soylu'nun Kısa Pantolonlu Zibidi Birliği: Milli Beka Hareketi,2022-03-05 14:42:41+00:00,71885,3419,216,Saturday,440.0,Mar,2022,7.33,0.12
Erk Acarer,Damadın İHA ve SİHA'ları Başımıza İş Açacak!,2022-03-03 20:34:13+00:00,35077,3126,184,Thursday,1816.0,Mar,2022,30.27,0.5
Erk Acarer,Uyuşturucuda Whatsapp'dan Sipariş Dönemi,2022-02-27 20:36:07+00:00,39823,3052,123,Sunday,1858.0,Feb,2022,30.97,0.52
Erk Acarer,"Emirlikler İçin Joker, Türkiye İçin Saatli Bomba: BAE Veremez, AKP Alamaz!",2022-02-24 20:41:21+00:00,58740,3693,126,Thursday,2336.0,Feb,2022,38.93,0.65
Erk Acarer,"Peker'den Kurtuluş'a Son Uyarı: ""O Evden Çık. Seni Öldürecekler!""",2022-02-20 20:39:32+00:00,153251,6709,203,Sunday,2061.0,Feb,2022,34.35,0.57
Erk Acarer,Savcı IŞİD'e Giden Silahları Neden Sormadı?,2022-02-17 20:49:42+00:00,55736,3110,85,Thursday,2603.0,Feb,2022,43.38,0.72
Erk Acarer,AKP ve MHP Her Yolu Deneyecek. Çünkü Suçları Ağır!,2022-02-13 20:28:10+00:00,57573,3952,252,Sunday,1515.0,Feb,2022,25.25,0.42
Erk Acarer,Bu 2 Sorunun Cevabı Sırları Çözer! Sıradaki Kim? Yeni Baron Kim Olacak?,2022-02-10 20:31:52+00:00,50284,4617,202,Thursday,1636.0,Feb,2022,27.27,0.45
Erk Acarer,Halil FALYALI Öldürüldü! Tüm Detaylar Bu Yayında!,2022-02-08 20:39:02+00:00,375854,12163,833,Tuesday,1175.0,Feb,2022,19.58,0.33
Erk Acarer,"Sedat Peker'in İddiası Bir Kez Daha İspatlandı: ""Devlet Arkamızda!""",2022-02-06 20:28:13+00:00,56149,3987,125,Sunday,1513.0,Feb,2022,25.22,0.42
Erk Acarer,"Damadı, Turizm Bakanı Sakladı! Maxx Royal, Paramount Kadar Gizemli",2022-02-03 20:31:42+00:00,51233,3854,126,Thursday,1723.0,Feb,2022,28.72,0.48
Erk Acarer,'Emniyeti' İçin Her Şeyi Yapar! IŞİD Silahları VOL. 2,2022-01-30 20:36:21+00:00,28642,2721,77,Sunday,1942.0,Jan,2022,32.37,0.54
Erk Acarer,AİLE SIRLARI!.. Gökhan Nuri Bozkır Getirildi! Erk Acarer Açıklıyor,2022-01-27 20:37:24+00:00,93887,5031,300,Thursday,1990.0,Jan,2022,33.17,0.55
Erk Acarer,Venezuella'da Bir Kişi Daha Vardı! Çavuşoğlu Ailesinin Maceraları,2022-01-23 20:25:57+00:00,90697,5832,282,Sunday,1311.0,Jan,2022,21.85,0.36
Erk Acarer,5 Dakikada Deniz POYRAZ Dosyası,2022-01-22 11:00:13+00:00,11647,1067,50,Saturday,338.0,Jan,2022,5.63,0.09
Erk Acarer,Mesele Köfte Değil; Pudra Şekeri Anlamadın mı Hala?,2022-01-20 20:23:06+00:00,68805,5419,238,Thursday,4104.0,Jan,2022,68.4,1.14
Erk Acarer,Uluslararası Skandal! Mafya-İktidar Pazarlığı,2022-01-16 20:43:11+00:00,40499,3242,135,Sunday,2349.0,Jan,2022,39.15,0.65
Erk Acarer,Ve Beklenen Son! Türkiye Tarikatlara Teslim!,2022-01-13 20:39:02+00:00,13695,1611,145,Thursday,1954.0,Jan,2022,32.57,0.54
Erk Acarer,"""Derin Devletin Adamıyım Sıkıysa Konuşun"" (Okulda Silahlı Taciz Ağı)",2022-01-09 20:24:20+00:00,28652,2331,179,Sunday,1228.0,Jan,2022,20.47,0.34
Erk Acarer,Erdoğan'ın Savaş Çağrısı Neden 15 Temmuz'u Hatırlattı?,2022-01-06 20:36:01+00:00,24362,2609,156,Thursday,1499.0,Jan,2022,24.98,0.42
Erk Acarer,"İki Bakanlık Arasında ""Kokain Savaşı""",2022-01-02 20:34:56+00:00,45897,3503,102,Sunday,1575.0,Jan,2022,26.25,0.44
Erk Acarer,Peker'in İddiaları Arasında Yer Alan Taner Ay Öldü mü Öldürüldü mü?,2021-12-31 17:22:13+00:00,78790,2364,246,Friday,260.0,Dec,2021,4.33,0.07
Erk Acarer,Bu İddialar Gündem Belirler: CHP ve İYİ Parti'deki Truva Atı Kimler?,2021-12-30 20:49:33+00:00,26860,1840,96,Thursday,2322.0,Dec,2021,38.7,0.64
Erk Acarer,PEKER'den Haber Var: Önümüzdeki Günler Çok Şeye Gebe!,2021-12-26 20:58:08+00:00,114725,6704,311,Sunday,1504.0,Dec,2021,25.07,0.42
Erk Acarer,"Maç Protokolü, Halk Bankası Reklamı Kadar Şaibeli",2021-12-25 16:39:53+00:00,12564,1071,40,Saturday,266.0,Dec,2021,4.43,0.07
Erk Acarer,"""Kanlı Seçim Sürecini"" Ekonomide mi Uyguladı?",2021-12-23 20:44:54+00:00,19024,1846,89,Thursday,2448.0,Dec,2021,40.8,0.68
Erk Acarer,Fatma Şahin'e Şaşıranlara Şaşırmak Lazım! Erk Acarer Açıklıyor...,2021-12-19 20:39:20+00:00,27373,2790,269,Sunday,2063.0,Dec,2021,34.38,0.57
Erk Acarer,Sedat PEKER İle Yeni Görüşme: Türkiye'nin Hiç Zamanı Kalmadı!,2021-12-16 20:48:15+00:00,90154,6017,220,Thursday,2440.0,Dec,2021,40.67,0.68
Erk Acarer,İlişkiler Külliyeye mi Uzanıyor? Peker Belgeseli,2021-12-12 20:41:39+00:00,50889,4393,152,Sunday,1874.0,Dec,2021,31.23,0.52
Erk Acarer,Peker'i Susturmak İçin Tecavüzcülerden Medet Ummaya Başladılar!,2021-12-09 20:06:41+00:00,118127,5059,479,Thursday,1921.0,Dec,2021,32.02,0.53
Erk Acarer,Peker'in Durumu Ne? Deli Çavuş İle Verilen Mesajın Anlamı,2021-12-06 16:40:47+00:00,76041,5483,205,Monday,2032.0,Dec,2021,33.87,0.56
Erk Acarer,Elektronik Seçim Şüphesi!,2021-12-05 22:15:20+00:00,16824,1558,96,Sunday,509.0,Dec,2021,8.48,0.14
Erk Acarer,Kimin Pasaport Yasağı Kaldırıldı? Erk ACARER Açıklıyor...,2021-12-02 20:07:18+00:00,26799,1869,78,Thursday,368.0,Dec,2021,6.13,0.1
Erk Acarer,Tecritte Anlaştılar: Peker'i Bir Adaya Götürmediler Ama Adayı Ayağına Getirdiler!,2021-11-28 20:34:20+00:00,41628,4717,160,Sunday,1597.0,Nov,2021,26.62,0.44
Erk Acarer,BİRLEŞİK ARAP EMİRLİKLERİ'NDE NELER OLUYOR? Erk ACARER Açıklıyor...,2021-11-25 21:36:43+00:00,76650,5505,179,Thursday,1760.0,Nov,2021,29.33,0.49
Erk Acarer,Göreve Çağrılan Yargı Bu İşte... Erk ACARER Açıklıyor...,2021-11-21 21:32:53+00:00,22497,2566,77,Sunday,1556.0,Nov,2021,25.93,0.43
Erk Acarer,SEDAT PEKER İADE EDİLİR Mİ? EDİLİRSE SONUÇLARI NE OLUR?,2021-11-18 21:41:02+00:00,36340,2374,104,Thursday,1929.0,Nov,2021,32.15,0.54
Erk Acarer,Aleyna Çakır Cinayeti de Çözüldü!..,2021-11-14 21:16:03+00:00,132723,5941,370,Sunday,1841.0,Nov,2021,30.68,0.51
Erk Acarer,Kim Bu Azem Kardeş? Erk Acarer Açıklıyor...,2021-11-13 17:19:14+00:00,147310,3441,150,Saturday,192.0,Nov,2021,3.2,0.05
Erk Acarer,BİR PİKACHU HEPSİNE YETİYOR! (Ses Sorunu Düzeltilmiş Video),2021-11-11 23:43:49+00:00,95775,2830,115,Thursday,1774.0,Nov,2021,29.57,0.49
Erk Acarer,BİR PİKACHU HEPSİNE YETİYOR!,2021-11-11 21:04:30+00:00,29799,1924,67,Thursday,1942.0,Nov,2021,32.37,0.54
Erk Acarer,AKP'de Kaçış - Kavga - Satış,2021-11-07 20:35:50+00:00,34585,3485,191,Sunday,1655.0,Nov,2021,27.58,0.46
Erk Acarer,Domina Taşları Yıkılıyor. Hem Erdoğan Hem Kirli Sistemi Çöküyor! Erk Acarer Açıklıyor...,2021-11-04 20:28:30+00:00,64618,5522,234,Thursday,1391.0,Nov,2021,23.18,0.39
Erk Acarer,SADAT’la İlgili Gerçekler Bir Bir Ortaya Çıkıyor. Erk Acarer Açıklıyor...,2021-10-31 19:46:51+00:00,24348,2264,88,Sunday,2324.0,Oct,2021,38.73,0.65
Erk Acarer,"“Silahlar mı Alıyorsunuz, Ordular mı Kuruyorsunuz Paşam?",2021-10-28 20:44:41+00:00,20935,2141,91,Thursday,2359.0,Oct,2021,39.32,0.66
Erk Acarer,"Hepsi Birbirine Bağlı! Kıbrıs Suç Adası, Erkam Yıldırım'ın Belarus Maceraları, Eray Kenanoğlu",2021-10-24 19:40:42+00:00,44039,3102,106,Sunday,1861.0,Oct,2021,31.02,0.52
Erk Acarer,"Zula Patladı, İrin Aktı... Türkiye'nin Arka Bahçeleri ve Siyasete Uzanan Kirli İlişkiler",2021-10-21 18:35:34+00:00,34608,3610,152,Thursday,1793.0,Oct,2021,29.88,0.5
Erk Acarer,"Sedat Peker'e Sordum: İddianame, Sadat ve Merak Edilenler",2021-10-17 18:39:51+00:00,59920,4506,223,Sunday,1861.0,Oct,2021,31.02,0.52
Erk Acarer,İnfaz Listeleri ve Sadat Kanlı Kaos Planı mı?,2021-10-14 18:52:10+00:00,48180,3339,129,Thursday,2866.0,Oct,2021,47.77,0.8
Erk Acarer,Erkam Yıldırım ve Engin Soylu’nun Sapanca Maceraları... Neden buluşuyorlar?,2021-10-10 19:04:35+00:00,104285,6847,341,Sunday,3291.0,Oct,2021,54.85,0.91
